{
  "product": [
    {
      "id": "1",
      "page": [
        {
          "id": "1",
          "name": "Giày thể thao êm chân siêu nhẹ ",
          "code": "SKU2440457",
          "img": "../../assets/images/ProductIMG/img-product_1.jpg",
          "price": "899.000VND",
          "size": "39",
          "author": "Tokyo Life"
        },
        {
          "id": "2",
          "name": "Giày thể thao êm chân kháng thuẩn ",
          "code": "SKU2400020",
          "img": "../../assets/images/ProductIMG/img-product_2.jpg",
          "price": "999.000VND",
          "size": "40",
          "author": "Tokyo Life"
        },
        {
          "id": "3",
          "name": "Giày thể thao êm chân siêu nhẹ",
          "code": "SKU2950077",
          "img": "../../assets/images/ProductIMG/img-product_3.jpg",
          "price": "799.000VND",
          "size": "42",
          "author": "Tokyo Life"
        },
        {
          "id": "4",
          "name": "Giày thể thao êm chân siêu nhẹ",
          "code": "SKU2090064",
          "img": "../../assets/images/ProductIMG/img-product_4.jpg",
          "price": "599.000VND",
          "size": "41",
          "author": "Tokyo Life"
        },
        {
          "id": "5",
          "name": "Giày thể thao êm chân siêu nhẹ",
          "code": "SKU2110014",
          "img": "../../assets/images/ProductIMG/img-product_5.jpg",
          "price": "699.000VND",
          "size": "38",
          "author": "Tokyo Life"
        },
        {
          "id": "6",
          "name": "Giày thể thao êm chân siêu nhẹ",
          "code": "SKU2120013",
          "img": "../../assets/images/ProductIMG/img-product_6.jpg",
          "price": "899.000VND",
          "size": "40",
          "author": "Tokyo Life"
        },
        {
          "id": "7",
          "name": "Giày thể thao êm chân siêu nhẹ",
          "code": "SKU2080027",
          "img": "../../assets/images/ProductIMG/img-product_7.jpg",
          "price": "899.000VND",
          "size": "38",
          "author": "Tokyo Life"
        },
        {
          "id": "8",
          "name": "Giày thể thao êm chân siêu nhẹ",
          "code": "SKU2470148",
          "img": "../../assets/images/ProductIMG/img-product_8.jpg",
          "price": "799.000VND",
          "size": "39",
          "author": "Tokyo Life"
        },
        {
          "id": "9",
          "name": "Giày thể thao êm chân siêu nhẹ",
          "code": "SKU2540018",
          "img": "../../assets/images/ProductIMG/img-product_9.jpg",
          "price": "899.000VND",
          "size": "38",
          "author": "Tokyo Life"
        },
        {
          "id": "10",
          "name": "Giày thể thao êm chân siêu nhẹ ",
          "code": "SKU2440457",
          "img": "../../assets/images/ProductIMG/img-product_1.jpg",
          "price": "899.000VND",
          "size": "40",
          "author": "Tokyo Life"
        },
        {
          "id": "11",
          "name": "Giày thể thao êm chân siêu nhẹ",
          "code": "SKU2540020",
          "img": "../../assets/images/ProductIMG/img-product_11.jpg",
          "price": "899.000VND",
          "size": "41",
          "author": "Tokyo Life"
        },
        {
          "id": "12",
          "name": "Giày thể thao êm chân siêu nhẹ",
          "code": "SKU2540019",
          "img": "../../assets/images/ProductIMG/img-product_12.jpg",
          "price": "1.200.000VND",
          "size": "38",
          "author": "Converse"
        },
        {
          "id": "13",
          "name": "Giày thể thao êm chân siêu nhẹ",
          "code": "SKU2540021",
          "img": "../../assets/images/ProductIMG/img-product_13.jpg",
          "price": "854.000VND",
          "size": "38",
          "author": "Tokyo Life"
        },
        {
          "id": "14",
          "name": "Giày Nike Dunk Low Retro",
          "code": "SKU2540022",
          "img": "../../assets/images/ProductIMG/img-product_14.jpg",
          "price": "2.590.000VND",
          "size": "38",
          "author": "Nike"
        },
        {
          "id": "15",
          "name": "Giày Nike Dunk Low Retro",
          "code": "SKU2540023",
          "img": "../../assets/images/ProductIMG/img-product_15.jpg",
          "price": "899.000VND",
          "size": "40",
          "author": "Nike"
        }
      ]
    },
    {
      "id": "2",
      "page": [
        {
          "id": "1",
          "name": "Giày Nike Dunk Low Retro",
          "code": "SKU2440452",
          "img": "../../assets/images/ProductIMG/img-product_16.jpg",
          "price": "899.000VND",
          "size": "38",
          "author": "Nike"
        },
        {
          "id": "2",
          "name": "Giày Mizuno Inspire 20",
          "code": "SKU2400024",
          "img": "../../assets/images/ProductIMG/img-product_17.jpg",
          "price": "1.845.000VND",
          "size": "40",
          "author": "Mizuno"
        },
        {
          "id": "3",
          "name": "Giày Nike Metcon 9 AMP",
          "code": "SKU2950025",
          "img": "../../assets/images/ProductIMG/img-product_18.jpg",
          "price": "3.499.000VND",
          "size": "38",
          "author": "Nike"
        },
        {
          "id": "4",
          "name": "Giày Mizuno Wave Rider 28",
          "code": "SKU2090026",
          "img": "../../assets/images/ProductIMG/img-product_19.jpg",
          "price": "3.290.000VND",
          "size": "38",
          "author": "Mizuno"
        },
        {
          "id": "5",
          "name": "Giày Mizuno Wave Rider Ssw 2E",
          "code": "SKU2110027",
          "img": "../../assets/images/ProductIMG/img-product_20.jpg",
          "price": "1.695.000VND",
          "size": "42",
          "author": "Mizuno"
        },
        {
          "id": "6",
          "name": "Giày Mizuno Wave Rider Ssw 2E",
          "code": "SKU2699805",
          "img": "../../assets/images/ProductIMG/img-product_21.jpg",
          "price": "1.695.000VND",
          "size": "41",
          "author": "Mizuno"
        },
        {
          "id": "7",
          "name": "Giày Adidas Supernova Rise",
          "code": "SKU2087284",
          "img": "../../assets/images/ProductIMG/img-product_22.jpg",
          "price": "3.200.000đ",
          "size": "38",
          "author": "Adidas"
        },
        {
          "id": "8",
          "name": "Giày New Balance Fresh Foam X",
          "code": "SKU2751710",
          "img": "../../assets/images/ProductIMG/img-product_23.jpg",
          "price": "1.875.000VND",
          "size": "43",
          "author": "New Balance"
        },
        {
          "id": "9",
          "name": "Giày New Balance Fresh Foam X",
          "code": "SKU2791599",
          "img": "../../assets/images/ProductIMG/img-product_24.jpg",
          "price": "1.875.000VND",
          "size": "38",
          "author": "New Balance"
        },
        {
          "id": "10",
          "name": "Giày thể thao êm chân siêu nhẹ",
          "code": "SKU2301603",
          "img": "../../assets/images/ProductIMG/img-product_25.jpg",
          "price": "899.000VND",
          "size": "38",
          "author": "Tokyo Life"
        },
        {
          "id": "11",
          "name": "Giày Adidas Cybersonic",
          "code": "SKU2621568",
          "img": "../../assets/images/ProductIMG/img-product_26.jpg",
          "price": "2.940.000VND",
          "size": "38",
          "author": "Adidas"
        },
        {
          "id": "12",
          "name": "Giày Converse Chuck Taylor",
          "code": "SKU2895082",
          "img": "../../assets/images/ProductIMG/img-product_27.jpg",
          "price": "1.299.000VND",
          "size": "39",
          "author": "Converse"
        },
        {
          "id": "13",
          "name": "Giày Converse Chuck Taylor",
          "code": "SKU2153803",
          "img": "../../assets/images/ProductIMG/img-product_28.jpg",
          "price": "1.200.000VND",
          "size": "38",
          "author": "Converse"
        },
        {
          "id": "14",
          "name": "Giày Thể Thao BSM003900",
          "code": "SKU2410790",
          "img": "../../assets/images/ProductIMG/img-product_29.jpg",
          "price": "369.000VND",
          "size": "40",
          "author": "Tokyo Life"
        },
        {
          "id": "15",
          "name": "Giày Thể Thao BSM001100",
          "code": "SKU2179512",
          "img": "../../assets/images/ProductIMG/img-product_30.jpg",
          "price": "752.000VND",
          "size": "38",
          "author": "Tokyo Life"
        }
      ]
    },
    {
      "id": "3",
      "page": [
        {
          "id": "1",
          "name": "Giày Thể Thao BSM003910",
          "code": "SKU2418771",
          "img": "../../assets/images/ProductIMG/img-product_31.jpg",
          "price": "899.000VND",
          "size": "38",
          "author": "Tokyo Life"
        },
        {
          "id": "2",
          "name": "Giày Thể Thao BSM003920",
          "code": "SKU2359004",
          "img": "../../assets/images/ProductIMG/img-product_32.jpg",
          "price": "999.000VND",
          "size": "38",
          "author": "Tokyo Life"
        },
        {
          "id": "3",
          "name": "Giày Thể Thao BSM003930",
          "code": "SKU2204735",
          "img": "../../assets/images/ProductIMG/img-product_33.jpg",
          "price": "799.000VND",
          "size": "42",
          "author": "Tokyo Life"
        },
        {
          "id": "4",
          "name": "Giày Adidas Adistar 3 Berlin",
          "code": "SKU2761874",
          "img": "../../assets/images/ProductIMG/img-product_34.jpg",
          "price": "2.899.000VND",
          "size": "38",
          "author": "Adidas"
        },
        {
          "id": "5",
          "name": "Giày Adidas Adistar 4 Berlin",
          "code": "SKU2722405",
          "img": "../../assets/images/ProductIMG/img-product_35.jpg",
          "price": "3.899.000đ",
          "size": "38",
          "author": "Adidas"
        },
        {
          "id": "6",
          "name": "Giày Jordan Max Aura 5",
          "code": "SKU2597676",
          "img": "../../assets/images/ProductIMG/img-product_36.jpg",
          "price": "2.590.000VND",
          "size": "39",
          "author": "Jordan"
        },
        {
          "id": "7",
          "name": "Giày Jordan Max Aura 5",
          "code": "SKU696143",
          "img": "../../assets/images/ProductIMG/img-product_37.jpg",
          "price": "2.590.000VND",
          "size": "38",
          "author": "Jordan"
        },
        {
          "id": "8",
          "name": "Giày Nike Airplus Force 1",
          "code": "SKU2950614",
          "img": "../../assets/images/ProductIMG/img-product_38.jpg",
          "price": "3.059.000VND",
          "size": "38",
          "author": "Nike"
        },
        {
          "id": "9",
          "name": "Giày Mizuno Wave Rider Ssw 2E",
          "code": "SKU2311280",
          "img": "../../assets/images/ProductIMG/img-product_39.jpg",
          "price": "1.695.000VND",
          "size": "38",
          "author": "Mizuno"
        },
        {
          "id": "10",
          "name": "Giày Adidas Supernova Rise",
          "code": "SKU2970162",
          "img": "../../assets/images/ProductIMG/img-product_40.jpg",
          "price": "3.200.000VND",
          "size": "40",
          "author": "Adidas"
        },
        {
          "id": "11",
          "name": "Giày Adidas Ultraboost 1.0",
          "code": "SKU2844494",
          "img": "../../assets/images/ProductIMG/img-product_41.jpg",
          "price": "3.150.000VND",
          "size": "38",
          "author": "Adidas"
        },
        {
          "id": "12",
          "name": "Giày Converse Chuck Taylor",
          "code": "SKU2540018",
          "img": "../../assets/images/ProductIMG/img-product_42.jpg",
          "price": "1.300.000VND",
          "size": "38",
          "author": "Converse"
        },
        {
          "id": "13",
          "name": "Giày Converse Chuck Taylor",
          "code": "SKU2540018",
          "img": "../../assets/images/ProductIMG/img-product_43.jpg",
          "price": "1.200.000VND",
          "size": "40",
          "author": "Converse"
        },
        {
          "id": "14",
          "name": "Giày Unisex Converse As-1 Pro",
          "code": "SKU2540018",
          "img": "../../assets/images/ProductIMG/img-product_44.jpg",
          "price": "1.380.000VND",
          "size": "38",
          "author": "Converse"
        },
        {
          "id": "15",
          "name": "Giày Adidas Adistar 3 Berlin",
          "code": "SKU2540018",
          "img": "../../assets/images/ProductIMG/img-product_34.jpg",
          "price": "2.899.000VND",
          "size": "41",
          "author": "Adidas"
        }
      ]
    }
  ],
  "cartUser": [
    {
      "id": "2",
      "name": "Giày thể thao êm chân kháng thuẩn ",
      "code": "SKU2400020",
      "img": "../../assets/images/ProductIMG/img-product_2.jpg",
      "price": "999.000VND",
      "size": "40",
      "author": "Tokyo Life"
    },
    {
      "id": "1",
      "name": "Giày thể thao êm chân siêu nhẹ ",
      "code": "SKU2440457",
      "img": "../../assets/images/ProductIMG/img-product_1.jpg",
      "price": "899.000VND",
      "size": "39",
      "author": "Tokyo Life"
    },
    {
      "id": "2",
      "name": "Giày thể thao êm chân kháng thuẩn ",
      "code": "SKU2400020",
      "img": "../../assets/images/ProductIMG/img-product_2.jpg",
      "price": "999.000VND",
      "size": "40",
      "author": "Tokyo Life"
    },
    {
      "id": "2",
      "name": "Giày thể thao êm chân kháng thuẩn ",
      "code": "SKU2400020",
      "img": "../../assets/images/ProductIMG/img-product_2.jpg",
      "price": "999.000VND",
      "size": "40",
      "author": "Tokyo Life"
    }
  ]
}